Variant ASIN,Parent ASIN,Color,Ring Size
B0CKLDXCTW,B0CKLG57H7,B. 10K White Gold,5.25
B0CKLCV47X,B0CKLG57H7,A. 10K Yellow Gold,4.75
B0CKLFRSNQ,B0CKLG57H7,B. 14K White Gold,4.75
B0CKLC8M1T,B0CKLG57H7,B. 10K White Gold,15.5
B0CKLC8M1Z,B0CKLG57H7,C. 10K Rose Gold,7
B0CKLCZJGJ,B0CKLG57H7,A. 10K Yellow Gold,11
B0CKLDW259,B0CKLG57H7,C. 10K Rose Gold,5.25
B0CKLBVWJ1,B0CKLG57H7,C. 10K Rose Gold,5.75
B0CKLCVJCX,B0CKLG57H7,C. 14K Rose Gold,4
B0CKLCNHXB,B0CKLG57H7,A. 10K Yellow Gold,6.5
B0CKLBKG92,B0CKLG57H7,A. 10K Yellow Gold,7.5
B0CKLCL4FC,B0CKLG57H7,C. 10K Rose Gold,8.5
B0CKLDF153,B0CKLG57H7,B. 10K White Gold,15.75
B0CKLCPPPM,B0CKLG57H7,A. 14K Yellow Gold,6.75
B0CKLC5SH4,B0CKLG57H7,A. 10K Yellow Gold,5.75
B0CKLF5LGB,B0CKLG57H7,B. 14K White Gold,9.25
B0CKLDBS3S,B0CKLG57H7,B. 10K White Gold,6
B0CKLC1224,B0CKLG57H7,C. 10K Rose Gold,8.75
B0CKLF6PLT,B0CKLG57H7,A. 14K Yellow Gold,9.25
B0CKLFPFL5,B0CKLG57H7,A. 14K Yellow Gold,4
B0CKLC121D,B0CKLG57H7,A. 14K Yellow Gold,11
B0CKLCL4V5,B0CKLG57H7,A. 14K Yellow Gold,12.5
B0CKLCZJG8,B0CKLG57H7,B. 14K White Gold,9
B0CKLGB6WQ,B0CKLG57H7,C. 14K Rose Gold,7.25
B0CKLDGYCW,B0CKLG57H7,C. 14K Rose Gold,10.5
B0CKLCQVLB,B0CKLG57H7,B. 10K White Gold,9.75
B0CKLCPBH8,B0CKLG57H7,C. 14K Rose Gold,5.25
B0CKLCW6KG,B0CKLG57H7,B. 10K White Gold,12
B0CKL7MYZ3,B0CKLG57H7,B. 14K White Gold,11.25
B0CKLCZGTV,B0CKLG57H7,C. 14K Rose Gold,5.75
B0CKLG7ZNQ,B0CKLG57H7,C. 10K Rose Gold,12.75
B0CKLDGLK1,B0CKLG57H7,B. 14K White Gold,6
B0CKLD9S1H,B0CKLG57H7,A. 10K Yellow Gold,4.5
B0CKLD9S1G,B0CKLG57H7,B. 14K White Gold,14.25
B0CKLH2FJZ,B0CKLG57H7,C. 10K Rose Gold,5
B0CKLDQDLS,B0CKLG57H7,C. 14K Rose Gold,4.75
B0CKLFR9YG,B0CKLG57H7,A. 10K Yellow Gold,8.75
B0CKL7GVPH,B0CKLG57H7,A. 14K Yellow Gold,12.75
B0CKLCW6KV,B0CKLG57H7,B. 10K White Gold,6.25
B0CKLB52SR,B0CKLG57H7,B. 14K White Gold,10.75
B0CKLDG2WL,B0CKLG57H7,B. 14K White Gold,12.75
B0CKLC5J66,B0CKLG57H7,C. 14K Rose Gold,14
B0CKLCWNK7,B0CKLG57H7,A. 14K Yellow Gold,9.5
B0CKLF53CK,B0CKLG57H7,B. 14K White Gold,5.25
B0CKLC6RBY,B0CKLG57H7,A. 10K Yellow Gold,10.25
B0CKLDG4JD,B0CKLG57H7,B. 14K White Gold,5.5
B0CKLGLF7N,B0CKLG57H7,C. 14K Rose Gold,6.75
B0CKLDG4JF,B0CKLG57H7,C. 14K Rose Gold,15.5
B0CKLGBLCB,B0CKLG57H7,C. 10K Rose Gold,8
B0CKLH2FJ1,B0CKLG57H7,C. 14K Rose Gold,8.75
B0CKLF1V4F,B0CKLG57H7,A. 10K Yellow Gold,9.75
B0CKLCP4KX,B0CKLG57H7,C. 14K Rose Gold,5
B0CKLH3311,B0CKLG57H7,A. 14K Yellow Gold,10.25
B0CKLDFVP4,B0CKLG57H7,A. 14K Yellow Gold,14.75
B0CKLCMKQV,B0CKLG57H7,B. 14K White Gold,13.5
B0CKLCQJ3D,B0CKLG57H7,A. 10K Yellow Gold,10.5
B0CKLF4KWB,B0CKLG57H7,A. 14K Yellow Gold,15.75
B0CKLDFR7K,B0CKLG57H7,B. 14K White Gold,8.75
B0CKLF663M,B0CKLG57H7,A. 10K Yellow Gold,15.25
B0CKLFPWHG,B0CKLG57H7,C. 14K Rose Gold,11.5
B0CKLDQMYJ,B0CKLG57H7,C. 14K Rose Gold,12.25
B0CKLCSZY3,B0CKLG57H7,C. 14K Rose Gold,6
B0CKLH2FHB,B0CKLG57H7,A. 10K Yellow Gold,5.25
B0CKLBW9WM,B0CKLG57H7,A. 14K Yellow Gold,15.25
B0CKLCP1Q2,B0CKLG57H7,B. 10K White Gold,8.5
B0CKLCW2MN,B0CKLG57H7,A. 14K Yellow Gold,13.5
B0CKLD1T4N,B0CKLG57H7,C. 10K Rose Gold,15.25
B0CKLBPNDN,B0CKLG57H7,C. 10K Rose Gold,16
B0CKLCGHHG,B0CKLG57H7,B. 10K White Gold,5.75
B0CKLCB7F3,B0CKLG57H7,B. 10K White Gold,13.5
B0CKLBX8RS,B0CKLG57H7,B. 14K White Gold,12
B0CKLCW2MG,B0CKLG57H7,B. 14K White Gold,13.25
B0CKLGLF6Y,B0CKLG57H7,B. 14K White Gold,14.5
B0CKLFPXZZ,B0CKLG57H7,B. 14K White Gold,6.75
B0CKLDBVGB,B0CKLG57H7,C. 10K Rose Gold,11
B0CKLCNZFQ,B0CKLG57H7,B. 14K White Gold,16
B0CKLDVL7F,B0CKLG57H7,C. 14K Rose Gold,9.5
B0CKLBX8RW,B0CKLG57H7,B. 14K White Gold,11
B0CKLDBRNQ,B0CKLG57H7,B. 10K White Gold,7
B0CKLDG8LT,B0CKLG57H7,B. 14K White Gold,11.5
B0CKLFWZYP,B0CKLG57H7,B. 10K White Gold,8
B0CKLF1BKG,B0CKLG57H7,A. 14K Yellow Gold,7.5
B0CKLDGSQZ,B0CKLG57H7,A. 14K Yellow Gold,14
B0CKLGHY8L,B0CKLG57H7,C. 10K Rose Gold,6.75
B0CKLCF9NL,B0CKLG57H7,C. 10K Rose Gold,6.5
B0CKLBW9XF,B0CKLG57H7,C. 14K Rose Gold,12.75
B0CKLGH2LN,B0CKLG57H7,C. 14K Rose Gold,15.75
B0CKLBKNC8,B0CKLG57H7,C. 10K Rose Gold,11.75
B0CKLB8DZ4,B0CKLG57H7,C. 10K Rose Gold,9
B0CKLDP1CM,B0CKLG57H7,C. 14K Rose Gold,13.75
B0CKLBV193,B0CKLG57H7,C. 14K Rose Gold,8.5
B0CKLCMHV7,B0CKLG57H7,B. 10K White Gold,9.25
B0CKLDN98P,B0CKLG57H7,B. 14K White Gold,12.25
B0CKLDY8FM,B0CKLG57H7,C. 14K Rose Gold,15
B0CKLCLG5S,B0CKLG57H7,B. 14K White Gold,10.5
B0CKLDGM4Z,B0CKLG57H7,C. 14K Rose Gold,7.75
B0CKLFZWKG,B0CKLG57H7,C. 10K Rose Gold,8.25
B0CKLCYCH4,B0CKLG57H7,A. 10K Yellow Gold,4.25
B0CKLDG8KM,B0CKLG57H7,A. 14K Yellow Gold,10.5
B0CKLF4TFR,B0CKLG57H7,A. 14K Yellow Gold,4.25
B0CKLCVKQJ,B0CKLG57H7,B. 10K White Gold,15.25
B0CKLBKND8,B0CKLG57H7,B. 14K White Gold,15.5
B0CKLGYZ76,B0CKLG57H7,A. 10K Yellow Gold,11.75
B0CKLDXNDG,B0CKLG57H7,B. 10K White Gold,7.5
B0CKLF6HYH,B0CKLG57H7,A. 14K Yellow Gold,14.25
B0CKLC6TB2,B0CKLG57H7,C. 14K Rose Gold,14.75
B0CKLDDQ5D,B0CKLG57H7,A. 10K Yellow Gold,6
B0CKLF5LD2,B0CKLG57H7,C. 14K Rose Gold,14.5
B0CKLDV8C2,B0CKLG57H7,A. 14K Yellow Gold,10
B0CKLFN6KD,B0CKLG57H7,B. 14K White Gold,14.75
B0CKLDYPYL,B0CKLG57H7,C. 10K Rose Gold,14
B0CKLF33V5,B0CKLG57H7,A. 14K Yellow Gold,13.25
B0CKLBP7YZ,B0CKLG57H7,A. 10K Yellow Gold,7
B0CKLCVJR6,B0CKLG57H7,A. 14K Yellow Gold,7.75
B0CKLCTXBT,B0CKLG57H7,B. 10K White Gold,5.5
B0CKLDZ6BK,B0CKLG57H7,C. 14K Rose Gold,12
B0CKLDFLYJ,B0CKLG57H7,B. 10K White Gold,14.25
B0CKLD28N7,B0CKLG57H7,A. 14K Yellow Gold,13.75
B0CKLF8YQX,B0CKLG57H7,C. 14K Rose Gold,13.5
B0CKLBP7Z2,B0CKLG57H7,B. 10K White Gold,5
B0CKLCPBD6,B0CKLG57H7,A. 10K Yellow Gold,12.75
B0CKLCPWMP,B0CKLG57H7,A. 14K Yellow Gold,8.5
B0CKLDYPY4,B0CKLG57H7,A. 14K Yellow Gold,9
B0CKLF6TN4,B0CKLG57H7,B. 14K White Gold,8
B0CKLCXMB1,B0CKLG57H7,C. 14K Rose Gold,16
B0CKLF1X3S,B0CKLG57H7,A. 10K Yellow Gold,13.5
B0CKLDW22F,B0CKLG57H7,A. 10K Yellow Gold,6.25
B0CKLCPRS2,B0CKLG57H7,B. 10K White Gold,14
B0CKLDZ6B2,B0CKLG57H7,A. 10K Yellow Gold,15.5
B0CKLDJRHD,B0CKLG57H7,A. 14K Yellow Gold,5.5
B0CKLD5274,B0CKLG57H7,B. 10K White Gold,12.5
B0CKLDYPXJ,B0CKLG57H7,B. 14K White Gold,15
B0CKLDLJ1X,B0CKLG57H7,A. 14K Yellow Gold,8
B0CKL7N5DF,B0CKLG57H7,B. 10K White Gold,13.75
B0CKLCPWL8,B0CKLG57H7,A. 14K Yellow Gold,5.25
B0CKLCRXH6,B0CKLG57H7,C. 10K Rose Gold,13.25
B0CKLCPWL9,B0CKLG57H7,A. 14K Yellow Gold,7.25
B0CKLCRXGT,B0CKLG57H7,C. 14K Rose Gold,10.75
B0CKLCSCLK,B0CKLG57H7,A. 10K Yellow Gold,5.5
B0CKLDFLXH,B0CKLG57H7,A. 10K Yellow Gold,9.5
B0CKLF4TDN,B0CKLG57H7,B. 10K White Gold,11
B0CKLCPWM1,B0CKLG57H7,C. 14K Rose Gold,6.5
B0CKLDFLXG,B0CKLG57H7,A. 10K Yellow Gold,8.25
B0CKLDWFJ8,B0CKLG57H7,C. 10K Rose Gold,9.25
B0CKLCJ9C7,B0CKLG57H7,B. 14K White Gold,14
B0CKLGKGZF,B0CKLG57H7,A. 14K Yellow Gold,7
B0CKLFNL6Q,B0CKLG57H7,B. 14K White Gold,10
B0CKLGFPJQ,B0CKLG57H7,A. 10K Yellow Gold,6.75
B0CKLCTXBB,B0CKLG57H7,A. 14K Yellow Gold,8.75
B0CKLDC96C,B0CKLG57H7,B. 10K White Gold,4.25
B0CKLBQ3YF,B0CKLG57H7,C. 14K Rose Gold,8.25
B0CKLCT6JF,B0CKLG57H7,B. 10K White Gold,12.25
B0CKLGYT7Y,B0CKLG57H7,C. 10K Rose Gold,9.5
B0CKLBPGBT,B0CKLG57H7,A. 10K Yellow Gold,7.75
B0CKLH3Y6K,B0CKLG57H7,B. 14K White Gold,15.75
B0CKLF4FV6,B0CKLG57H7,A. 14K Yellow Gold,4.75
B0CKLCLFR2,B0CKLG57H7,B. 10K White Gold,10.75
B0CKLBVLKX,B0CKLG57H7,A. 10K Yellow Gold,15
B0CKLDW7X6,B0CKLG57H7,B. 10K White Gold,8.75
B0CKLDVRP3,B0CKLG57H7,B. 10K White Gold,9.5
B0CKLDCC9Q,B0CKLG57H7,A. 10K Yellow Gold,13
B0CKLDYR69,B0CKLG57H7,C. 10K Rose Gold,10
B0CKLGW74T,B0CKLG57H7,C. 10K Rose Gold,14.25
B0CKLFKFR2,B0CKLG57H7,A. 14K Yellow Gold,5
B0CKLDVWZ1,B0CKLG57H7,B. 10K White Gold,11.5
B0CKLDR5RG,B0CKLG57H7,B. 10K White Gold,6.5
B0CKLCLFRB,B0CKLG57H7,C. 14K Rose Gold,10
B0CKLDJ1RG,B0CKLG57H7,C. 14K Rose Gold,14.25
B0CKLCP77X,B0CKLG57H7,C. 10K Rose Gold,12.25
B0CKLBF27X,B0CKLG57H7,A. 14K Yellow Gold,11.25
B0CKLDHJHN,B0CKLG57H7,A. 14K Yellow Gold,13
B0CKLFM12R,B0CKLG57H7,C. 10K Rose Gold,12
B0CKLC6CKQ,B0CKLG57H7,C. 14K Rose Gold,4.5
B0CKLDJ1QR,B0CKLG57H7,A. 10K Yellow Gold,11.25
B0CKLD7HG2,B0CKLG57H7,C. 10K Rose Gold,7.75
B0CKLCX4YT,B0CKLG57H7,C. 14K Rose Gold,6.25
B0CKLCWMMM,B0CKLG57H7,A. 14K Yellow Gold,10.75
B0CKLFM138,B0CKLG57H7,A. 14K Yellow Gold,12.25
B0CKLD5DTZ,B0CKLG57H7,A. 14K Yellow Gold,6
B0CKLGHNNH,B0CKLG57H7,A. 10K Yellow Gold,13.75
B0CKLB4QJL,B0CKLG57H7,A. 14K Yellow Gold,8.25
B0CKLGHNNQ,B0CKLG57H7,C. 10K Rose Gold,11.25
B0CKLD45JQ,B0CKLG57H7,A. 10K Yellow Gold,7.25
B0CKLGKFTJ,B0CKLG57H7,C. 10K Rose Gold,15
B0CKLBPNC7,B0CKLG57H7,B. 14K White Gold,7.5
B0CKLDH1JH,B0CKLG57H7,C. 10K Rose Gold,10.25
B0CKLF7VJJ,B0CKLG57H7,C. 14K Rose Gold,4.25
B0CKLCPN75,B0CKLG57H7,A. 10K Yellow Gold,14.75
B0CKLF4FT3,B0CKLG57H7,A. 10K Yellow Gold,4
B0CKLDRW77,B0CKLG57H7,B. 10K White Gold,4
B0CKLDT4M2,B0CKLG57H7,B. 14K White Gold,6.25
B0CKLCPLT1,B0CKLG57H7,A. 14K Yellow Gold,11.75
B0CKLDNLN5,B0CKLG57H7,B. 10K White Gold,15
B0CKLBQY56,B0CKLG57H7,B. 14K White Gold,11.75
B0CKLBF293,B0CKLG57H7,B. 14K White Gold,15.25
B0CKLDDQ59,B0CKLG57H7,C. 10K Rose Gold,4.75
B0CKLBK85S,B0CKLG57H7,A. 10K Yellow Gold,9.25
B0CKLDNLN8,B0CKLG57H7,A. 14K Yellow Gold,14.5
B0CKLBPNBC,B0CKLG57H7,B. 14K White Gold,8.5
B0CKLD9BHH,B0CKLG57H7,A. 14K Yellow Gold,4.5
B0CKLF4FTD,B0CKLG57H7,B. 14K White Gold,5
B0CKLC7RZN,B0CKLG57H7,C. 14K Rose Gold,11.25
B0CKLCK66T,B0CKLG57H7,B. 10K White Gold,6.75
B0CKLBKFSF,B0CKLG57H7,C. 10K Rose Gold,14.5
B0CKLCMBGP,B0CKLG57H7,C. 10K Rose Gold,15.5
B0CKLCPRNM,B0CKLG57H7,A. 10K Yellow Gold,8
B0CKLH6LQM,B0CKLG57H7,B. 10K White Gold,7.25
B0CKLDTZFP,B0CKLG57H7,C. 14K Rose Gold,10.25
B0CKLFJCMT,B0CKLG57H7,A. 14K Yellow Gold,15
B0CKLCMBGN,B0CKLG57H7,C. 14K Rose Gold,9
B0CKLDCQWM,B0CKLG57H7,B. 10K White Gold,14.5
B0CKLDWPJ8,B0CKLG57H7,B. 10K White Gold,10.5
B0CKLCC25G,B0CKLG57H7,B. 14K White Gold,7.75
B0CKLCJ7K3,B0CKLG57H7,C. 10K Rose Gold,12.5
B0CKLF8N87,B0CKLG57H7,A. 14K Yellow Gold,6.25
B0CKLF32PH,B0CKLG57H7,C. 14K Rose Gold,7
B0CKLCHLK5,B0CKLG57H7,A. 14K Yellow Gold,12
B0CKLC7ZHN,B0CKLG57H7,C. 10K Rose Gold,6
B0CKLFJP6D,B0CKLG57H7,A. 10K Yellow Gold,16
B0CKLDRVCT,B0CKLG57H7,C. 14K Rose Gold,9.25
B0CKLGMCH9,B0CKLG57H7,B. 10K White Gold,13.25
B0CKLCFVDD,B0CKLG57H7,B. 10K White Gold,14.75
B0CKLCFVDB,B0CKLG57H7,A. 10K Yellow Gold,8.5
B0CKLCLG4B,B0CKLG57H7,C. 14K Rose Gold,12.5
B0CKLDQFGH,B0CKLG57H7,A. 10K Yellow Gold,11.5
B0CKLDFNCB,B0CKLG57H7,C. 10K Rose Gold,9.75
B0CKLGBR42,B0CKLG57H7,A. 10K Yellow Gold,12
B0CKLFXF71,B0CKLG57H7,A. 10K Yellow Gold,15.75
B0CKLGG266,B0CKLG57H7,A. 14K Yellow Gold,9.75
B0CKLFDCM1,B0CKLG57H7,B. 14K White Gold,4.25
B0CKLCF958,B0CKLG57H7,C. 14K Rose Gold,9.75
B0CKLDFTP1,B0CKLG57H7,C. 14K Rose Gold,15.25
B0CKLF5HS7,B0CKLG57H7,B. 10K White Gold,16
B0CKLCKLLD,B0CKLG57H7,B. 14K White Gold,13
B0CKLGM375,B0CKLG57H7,B. 14K White Gold,7.25
B0CKLCN67R,B0CKLG57H7,C. 10K Rose Gold,4
B0CKLC8HMM,B0CKLG57H7,C. 10K Rose Gold,7.25
B0CKLGFX4N,B0CKLG57H7,A. 10K Yellow Gold,9
B0CKLFB8LW,B0CKLG57H7,A. 14K Yellow Gold,5.75
B0CKLCT5DH,B0CKLG57H7,C. 10K Rose Gold,13.5
B0CKLCF95M,B0CKLG57H7,C. 14K Rose Gold,11.75
B0CKLDQN1C,B0CKLG57H7,A. 14K Yellow Gold,6.5
B0CKLBVV9W,B0CKLG57H7,C. 10K Rose Gold,14.75
B0CKLDFTNQ,B0CKLG57H7,C. 14K Rose Gold,13.25
B0CKLCLZSY,B0CKLG57H7,B. 10K White Gold,11.25
B0CKLCT5C5,B0CKLG57H7,B. 10K White Gold,13
B0CKLDYWL3,B0CKLG57H7,B. 14K White Gold,6.5
B0CKLBP81M,B0CKLG57H7,C. 14K Rose Gold,7.5
B0CKLDLZHB,B0CKLG57H7,A. 10K Yellow Gold,5
B0CKLBTTN3,B0CKLG57H7,C. 10K Rose Gold,5.5
B0CKLCGTX6,B0CKLG57H7,A. 14K Yellow Gold,16
B0CKLDX7P1,B0CKLG57H7,A. 14K Yellow Gold,15.5
B0CKLDFX4Z,B0CKLG57H7,B. 14K White Gold,9.75
B0CKLDGLJW,B0CKLG57H7,C. 10K Rose Gold,7.5
B0CKLD5NDX,B0CKLG57H7,C. 10K Rose Gold,13
B0CKLCM1PQ,B0CKLG57H7,B. 10K White Gold,9
B0CKLDZJNV,B0CKLG57H7,B. 10K White Gold,11.75
B0CKLDNCTR,B0CKLG57H7,B. 14K White Gold,12.5
B0CKLCF953,B0CKLG57H7,B. 10K White Gold,10
B0CKLBY7DR,B0CKLG57H7,B. 14K White Gold,4.5
B0CKLBLHMJ,B0CKLG57H7,C. 10K Rose Gold,4.5
B0CKLC8M5M,B0CKLG57H7,C. 10K Rose Gold,10.75
B0CKLDZJNS,B0CKLG57H7,A. 10K Yellow Gold,14.25
B0CKLCVJFX,B0CKLG57H7,B. 10K White Gold,12.75
B0CKLFWXKX,B0CKLG57H7,B. 14K White Gold,13.75
B0CKLF74SS,B0CKLG57H7,C. 10K Rose Gold,15.75
B0CKLBL4X4,B0CKLG57H7,A. 10K Yellow Gold,13.25
B0CKLBPP1Z,B0CKLG57H7,B. 10K White Gold,7.75
B0CKLGY4SK,B0CKLG57H7,C. 14K Rose Gold,5.5
B0CKLBVKXG,B0CKLG57H7,A. 10K Yellow Gold,14
B0CKLBPP1S,B0CKLG57H7,B. 14K White Gold,4
B0CKLDJ1PB,B0CKLG57H7,C. 10K Rose Gold,13.75
B0CKLFX651,B0CKLG57H7,B. 14K White Gold,10.25
B0CKLDHWQ6,B0CKLG57H7,A. 10K Yellow Gold,14.5
B0CKLDMP3B,B0CKLG57H7,A. 10K Yellow Gold,10
B0CKLCZTR3,B0CKLG57H7,A. 10K Yellow Gold,12.5
B0CKLD61KT,B0CKLG57H7,B. 14K White Gold,5.75
B0CKLD5DSC,B0CKLG57H7,A. 10K Yellow Gold,12.25
B0CKLB4ZJJ,B0CKLG57H7,B. 10K White Gold,4.5
B0CKLF29MB,B0CKLG57H7,B. 10K White Gold,8.25
B0CKL8SFST,B0CKLG57H7,B. 10K White Gold,10.25
B0CKLBQLHX,B0CKLG57H7,B. 14K White Gold,8.25
B0CKLDTXNR,B0CKLG57H7,B. 14K White Gold,7
B0CKLDJ32W,B0CKLG57H7,A. 14K Yellow Gold,11.5
B0CKL7DZTN,B0CKLG57H7,B. 10K White Gold,4.75
B0CKLD95YP,B0CKLG57H7,C. 10K Rose Gold,10.5
B0CKLB5P3K,B0CKLG57H7,C. 14K Rose Gold,13
B0CKLBLNKP,B0CKLG57H7,C. 10K Rose Gold,11.5
B0CKLBMJQ6,B0CKLG57H7,A. 10K Yellow Gold,10.75
B0CKLCWZF2,B0CKLG57H7,C. 14K Rose Gold,8
B0CKLCL5MV,B0CKLG57H7,C. 10K Rose Gold,4.25
B0CKLDTZB9,B0CKLG57H7,C. 10K Rose Gold,6.25
B0CKLC2MJF,B0CKLG57H7,B. 14K White Gold,9.5
B0CKLGM345,B0CKLG57H7,C. 14K Rose Gold,11
